T_eff , logg , Z , R,G,B , Hex 
2300 , 0.0 , 0.0 , 1.0,0.744,0.652 , \#ffbda6  
2300 , 0.5 , 0.0 , 1.0,0.752,0.72 , \#ffbfb7  
2300 , 1.0 , 0.0 , 1.0,0.701,0.752 , \#ffb2bf  
2300 , 1.5 , 0.0 , 1.0,0.689,0.586 , \#ffaf95  
2300 , 2.0 , 0.0 , 1.0,0.63,0.33 , \#ffa054  
2300 , 2.5 , 0.0 , 1.0,0.619,0.296 , \#ff9d4b  
2300 , 3.0 , 0.0 , 1.0,0.615,0.292 , \#ff9c4a  
2300 , 3.5 , 0.0 , 1.0,0.571,0.25 , \#ff913f  
2300 , 4.0 , 0.0 , 1.0,0.539,0.211 , \#ff8935  
2300 , 4.5 , 0.0 , 1.0,0.507,0.175 , \#ff812c  
2300 , 5.0 , 0.0 , 1.0,0.491,0.144 , \#ff7d24  
2300 , 5.5 , 0.0 , 1.0,0.435,0.098 , \#ff6e19  
2300 , 6.0 , 0.0 , 1.0,0.393,0.076 , \#ff6413  
2400 , 0.0 , 0.0 , 1.0,0.817,0.705 , \#ffd0b3  
2400 , 0.5 , 0.0 , 1.0,0.826,0.695 , \#ffd2b1  
2400 , 1.0 , 0.0 , 1.0,0.839,0.826 , \#ffd5d2  
2400 , 1.5 , 0.0 , 1.0,0.772,0.675 , \#ffc4ac  
2400 , 2.0 , 0.0 , 1.0,0.63,0.314 , \#ffa050  
2400 , 2.5 , 0.0 , 1.0,0.638,0.294 , \#ffa24b  
2400 , 3.0 , 0.0 , 1.0,0.66,0.313 , \#ffa84f  
2400 , 3.5 , 0.0 , 1.0,0.653,0.309 , \#ffa64e  
2400 , 4.0 , 0.0 , 1.0,0.604,0.266 , \#ff9a43  
2400 , 4.5 , 0.0 , 1.0,0.549,0.212 , \#ff8b36  
2400 , 5.0 , 0.0 , 1.0,0.518,0.179 , \#ff842d  
2400 , 5.5 , 0.0 , 1.0,0.484,0.137 , \#ff7b23  
2400 , 6.0 , 0.0 , 1.0,0.434,0.098 , \#ff6e19  
2500 , 0.0 , 0.0 , 1.0,0.797,0.578 , \#ffcb93  
2500 , 0.5 , 0.0 , 1.0,0.835,0.605 , \#ffd49a  
2500 , 1.0 , 0.0 , 1.0,0.887,0.762 , \#ffe2c2  
2500 , 1.5 , 0.0 , 1.0,0.799,0.714 , \#ffcbb6  
2500 , 2.0 , 0.0 , 1.0,0.58,0.273 , \#ff9345  
2500 , 2.5 , 0.0 , 1.0,0.617,0.274 , \#ff9d45  
2500 , 3.0 , 0.0 , 1.0,0.656,0.3 , \#ffa74c  
2500 , 3.5 , 0.0 , 1.0,0.682,0.323 , \#ffad52  
2500 , 4.0 , 0.0 , 1.0,0.668,0.312 , \#ffaa4f  
2500 , 4.5 , 0.0 , 1.0,0.611,0.263 , \#ff9b43  
2500 , 5.0 , 0.0 , 1.0,0.542,0.202 , \#ff8a33  
2500 , 5.5 , 0.0 , 1.0,0.496,0.143 , \#ff7e24  
2500 , 6.0 , 0.0 , 1.0,0.464,0.125 , \#ff761f  
2600 , 0.0 , 0.0 , 1.0,0.744,0.411 , \#ffbd68  
2600 , 0.5 , 0.0 , 1.0,0.792,0.505 , \#ffc980  
2600 , 1.0 , 0.0 , 1.0,0.848,0.632 , \#ffd8a1  
2600 , 1.5 , 0.0 , 1.0,0.764,0.62 , \#ffc29d  
2600 , 2.0 , 0.0 , 1.0,0.568,0.27 , \#ff9044  
2600 , 2.5 , 0.0 , 1.0,0.588,0.259 , \#ff9542  
2600 , 3.0 , 0.0 , 1.0,0.641,0.289 , \#ffa349  
2600 , 3.5 , 0.0 , 1.0,0.677,0.315 , \#ffac50  
2600 , 4.0 , 0.0 , 1.0,0.687,0.322 , \#ffaf52  
2600 , 4.5 , 0.0 , 1.0,0.67,0.308 , \#ffaa4e  
2600 , 5.0 , 0.0 , 1.0,0.607,0.255 , \#ff9a41  
2600 , 5.5 , 0.0 , 1.0,0.526,0.183 , \#ff862e  
2600 , 6.0 , 0.0 , 1.0,0.462,0.129 , \#ff7520  
2700 , 0.0 , 0.0 , 1.0,0.681,0.336 , \#ffad55  
2700 , 0.5 , 0.0 , 1.0,0.726,0.425 , \#ffb96c  
2700 , 1.0 , 0.0 , 1.0,0.762,0.502 , \#ffc280  
2700 , 1.5 , 0.0 , 1.0,0.66,0.457 , \#ffa874  
2700 , 2.0 , 0.0 , 1.0,0.571,0.281 , \#ff9147  
2700 , 2.5 , 0.0 , 1.0,0.59,0.271 , \#ff9645  
2700 , 3.0 , 0.0 , 1.0,0.628,0.287 , \#ffa049  
2700 , 3.5 , 0.0 , 1.0,0.662,0.306 , \#ffa84e  
2700 , 4.0 , 0.0 , 1.0,0.681,0.317 , \#ffad50  
2700 , 4.5 , 0.0 , 1.0,0.676,0.31 , \#ffac4e  
2700 , 5.0 , 0.0 , 1.0,0.648,0.286 , \#ffa548  
2700 , 5.5 , 0.0 , 1.0,0.583,0.23 , \#ff943a  
2700 , 6.0 , 0.0 , 1.0,0.511,0.167 , \#ff822a  
2800 , 0.0 , 0.0 , 1.0,0.639,0.306 , \#ffa24e  
2800 , 0.5 , 0.0 , 1.0,0.668,0.368 , \#ffaa5d  
2800 , 1.0 , 0.0 , 1.0,0.591,0.296 , \#ff964b  
2800 , 1.5 , 0.0 , 1.0,0.626,0.399 , \#ff9f65  
2800 , 2.0 , 0.0 , 1.0,0.582,0.313 , \#ff944f  
2800 , 2.5 , 0.0 , 1.0,0.603,0.294 , \#ff994b  
2800 , 3.0 , 0.0 , 1.0,0.629,0.299 , \#ffa04c  
2800 , 3.5 , 0.0 , 1.0,0.656,0.309 , \#ffa74e  
2800 , 4.0 , 0.0 , 1.0,0.67,0.313 , \#ffaa4f  
2800 , 4.5 , 0.0 , 1.0,0.668,0.306 , \#ffaa4e  
2800 , 5.0 , 0.0 , 1.0,0.649,0.285 , \#ffa548  
2800 , 5.5 , 0.0 , 1.0,0.607,0.246 , \#ff9a3e  
2800 , 6.0 , 0.0 , 1.0,0.551,0.194 , \#ff8c31  
2900 , 0.0 , 0.0 , 1.0,0.614,0.297 , \#ff9c4b  
2900 , 0.5 , 0.0 , 1.0,0.614,0.303 , \#ff9c4d  
2900 , 1.0 , 0.0 , 1.0,0.586,0.294 , \#ff954a  
2900 , 1.5 , 0.0 , 1.0,0.635,0.395 , \#ffa164  
2900 , 2.0 , 0.0 , 1.0,0.608,0.367 , \#ff9a5d  
2900 , 2.5 , 0.0 , 1.0,0.624,0.329 , \#ff9f53  
2900 , 3.0 , 0.0 , 1.0,0.646,0.326 , \#ffa453  
2900 , 3.5 , 0.0 , 1.0,0.66,0.322 , \#ffa852  
2900 , 4.0 , 0.0 , 1.0,0.665,0.316 , \#ffa950  
2900 , 4.5 , 0.0 , 1.0,0.661,0.305 , \#ffa84d  
2900 , 5.0 , 0.0 , 1.0,0.644,0.285 , \#ffa448  
2900 , 5.5 , 0.0 , 1.0,0.612,0.254 , \#ff9c40  
2900 , 6.0 , 0.0 , 1.0,0.565,0.212 , \#ff9035  
3000 , 0.0 , 0.0 , 1.0,0.62,0.292 , \#ff9e4a  
3000 , 0.5 , 0.0 , 1.0,0.651,0.334 , \#ffa655  
3000 , 1.0 , 0.0 , 1.0,0.618,0.329 , \#ff9d53  
3000 , 1.5 , 0.0 , 1.0,0.634,0.36 , \#ffa15b  
3000 , 2.0 , 0.0 , 1.0,0.658,0.429 , \#ffa76d  
3000 , 2.5 , 0.0 , 1.0,0.657,0.38 , \#ffa760  
3000 , 3.0 , 0.0 , 1.0,0.673,0.364 , \#ffab5c  
3000 , 3.5 , 0.0 , 1.0,0.675,0.345 , \#ffac58  
3000 , 4.0 , 0.0 , 1.0,0.668,0.327 , \#ffaa53  
3000 , 4.5 , 0.0 , 1.0,0.657,0.309 , \#ffa74e  
3000 , 5.0 , 0.0 , 1.0,0.641,0.289 , \#ffa349  
3000 , 5.5 , 0.0 , 1.0,0.613,0.26 , \#ff9c42  
3000 , 6.0 , 0.0 , 1.0,0.575,0.222 , \#ff9238  
3100 , 0.0 , 0.0 , 1.0,0.641,0.303 , \#ffa34d  
3100 , 0.5 , 0.0 , 1.0,0.705,0.381 , \#ffb361  
3100 , 1.0 , 0.0 , 1.0,0.698,0.392 , \#ffb164  
3100 , 1.5 , 0.0 , 1.0,0.733,0.436 , \#ffba6f  
3100 , 2.0 , 0.0 , 1.0,0.699,0.43 , \#ffb26d  
3100 , 2.5 , 0.0 , 1.0,0.71,0.462 , \#ffb575  
3100 , 3.0 , 0.0 , 1.0,0.713,0.412 , \#ffb569  
3100 , 3.5 , 0.0 , 1.0,0.695,0.373 , \#ffb15f  
3100 , 4.0 , 0.0 , 1.0,0.675,0.341 , \#ffac57  
3100 , 4.5 , 0.0 , 1.0,0.657,0.316 , \#ffa750  
3100 , 5.0 , 0.0 , 1.0,0.638,0.293 , \#ffa24a  
3100 , 5.5 , 0.0 , 1.0,0.614,0.267 , \#ff9c43  
3100 , 6.0 , 0.0 , 1.0,0.582,0.233 , \#ff943b  
3200 , 0.0 , 0.0 , 1.0,0.708,0.337 , \#ffb455  
3200 , 0.5 , 0.0 , 1.0,0.725,0.377 , \#ffb860  
3200 , 1.0 , 0.0 , 1.0,0.752,0.423 , \#ffbf6b  
3200 , 1.5 , 0.0 , 1.0,0.761,0.452 , \#ffc273  
3200 , 2.0 , 0.0 , 1.0,0.766,0.475 , \#ffc379  
3200 , 2.5 , 0.0 , 1.0,0.777,0.501 , \#ffc67f  
3200 , 3.0 , 0.0 , 1.0,0.753,0.462 , \#ffbf75  
3200 , 3.5 , 0.0 , 1.0,0.714,0.398 , \#ffb665  
3200 , 4.0 , 0.0 , 1.0,0.682,0.356 , \#ffae5a  
3200 , 4.5 , 0.0 , 1.0,0.658,0.325 , \#ffa752  
3200 , 5.0 , 0.0 , 1.0,0.638,0.3 , \#ffa24c  
3200 , 5.5 , 0.0 , 1.0,0.616,0.274 , \#ff9d45  
3200 , 6.0 , 0.0 , 1.0,0.589,0.245 , \#ff963e  
3300 , 0.0 , 0.0 , 1.0,0.736,0.329 , \#ffbb53  
3300 , 0.5 , 0.0 , 1.0,0.734,0.355 , \#ffbb5a  
3300 , 1.0 , 0.0 , 1.0,0.741,0.39 , \#ffbc63  
3300 , 1.5 , 0.0 , 1.0,0.741,0.416 , \#ffbc6a  
3300 , 2.0 , 0.0 , 1.0,0.755,0.451 , \#ffc073  
3300 , 2.5 , 0.0 , 1.0,0.764,0.477 , \#ffc279  
3300 , 3.0 , 0.0 , 1.0,0.755,0.467 , \#ffc077  
3300 , 3.5 , 0.0 , 1.0,0.718,0.409 , \#ffb768  
3300 , 4.0 , 0.0 , 1.0,0.684,0.365 , \#ffae5d  
3300 , 4.5 , 0.0 , 1.0,0.659,0.334 , \#ffa855  
3300 , 5.0 , 0.0 , 1.0,0.638,0.308 , \#ffa24e  
3300 , 5.5 , 0.0 , 1.0,0.618,0.283 , \#ff9d48  
3300 , 6.0 , 0.0 , 1.0,0.595,0.257 , \#ff9741  
3400 , 0.0 , 0.0 , 1.0,0.671,0.267 , \#ffab44  
3400 , 0.5 , 0.0 , 1.0,0.685,0.301 , \#ffae4c  
3400 , 1.0 , 0.0 , 1.0,0.698,0.336 , \#ffb155  
3400 , 1.5 , 0.0 , 1.0,0.711,0.371 , \#ffb55e  
3400 , 2.0 , 0.0 , 1.0,0.73,0.412 , \#ffba68  
3400 , 2.5 , 0.0 , 1.0,0.74,0.441 , \#ffbc70  
3400 , 3.0 , 0.0 , 1.0,0.721,0.424 , \#ffb76c  
3400 , 3.5 , 0.0 , 1.0,0.707,0.402 , \#ffb466  
3400 , 4.0 , 0.0 , 1.0,0.679,0.366 , \#ffad5d  
3400 , 4.5 , 0.0 , 1.0,0.657,0.339 , \#ffa756  
3400 , 5.0 , 0.0 , 1.0,0.638,0.315 , \#ffa250  
3400 , 5.5 , 0.0 , 1.0,0.621,0.293 , \#ff9e4a  
3400 , 6.0 , 0.0 , 1.0,0.602,0.27 , \#ff9944  
3500 , 0.0 , 0.0 , 1.0,0.621,0.234 , \#ff9e3b  
3500 , 0.5 , 0.0 , 1.0,0.637,0.263 , \#ffa243  
3500 , 1.0 , 0.0 , 1.0,0.655,0.296 , \#ffa74b  
3500 , 1.5 , 0.0 , 1.0,0.676,0.335 , \#ffac55  
3500 , 2.0 , 0.0 , 1.0,0.691,0.366 , \#ffb05d  
3500 , 2.5 , 0.0 , 1.0,0.702,0.396 , \#ffb364  
3500 , 3.0 , 0.0 , 1.0,0.7,0.403 , \#ffb266  
3500 , 3.5 , 0.0 , 1.0,0.685,0.383 , \#ffae61  
3500 , 4.0 , 0.0 , 1.0,0.667,0.36 , \#ffaa5b  
3500 , 4.5 , 0.0 , 1.0,0.651,0.34 , \#ffa556  
3500 , 5.0 , 0.0 , 1.0,0.637,0.322 , \#ffa251  
3500 , 5.5 , 0.0 , 1.0,0.624,0.303 , \#ff9f4d  
3500 , 6.0 , 0.0 , 1.0,0.609,0.283 , \#ff9b48  
3600 , 0.0 , 0.0 , 1.0,0.596,0.222 , \#ff9738  
3600 , 0.5 , 0.0 , 1.0,0.613,0.251 , \#ff9c40  
3600 , 1.0 , 0.0 , 1.0,0.628,0.277 , \#ffa046  
3600 , 1.5 , 0.0 , 1.0,0.642,0.306 , \#ffa34d  
3600 , 2.0 , 0.0 , 1.0,0.661,0.34 , \#ffa856  
3600 , 2.5 , 0.0 , 1.0,0.67,0.363 , \#ffaa5c  
3600 , 3.0 , 0.0 , 1.0,0.676,0.381 , \#ffac61  
3600 , 3.5 , 0.0 , 1.0,0.666,0.369 , \#ffa95e  
3600 , 4.0 , 0.0 , 1.0,0.653,0.353 , \#ffa659  
3600 , 4.5 , 0.0 , 1.0,0.643,0.339 , \#ffa456  
3600 , 5.0 , 0.0 , 1.0,0.635,0.327 , \#ffa153  
3600 , 5.5 , 0.0 , 1.0,0.626,0.313 , \#ff9f4f  
3600 , 6.0 , 0.0 , 1.0,0.616,0.297 , \#ff9c4b  
3700 , 0.0 , 0.0 , 1.0,0.593,0.223 , \#ff9738  
3700 , 0.5 , 0.0 , 1.0,0.609,0.253 , \#ff9b40  
3700 , 1.0 , 0.0 , 1.0,0.618,0.273 , \#ff9d45  
3700 , 1.5 , 0.0 , 1.0,0.627,0.296 , \#ff9f4b  
3700 , 2.0 , 0.0 , 1.0,0.639,0.322 , \#ffa252  
3700 , 2.5 , 0.0 , 1.0,0.65,0.347 , \#ffa558  
3700 , 3.0 , 0.0 , 1.0,0.656,0.364 , \#ffa75c  
3700 , 3.5 , 0.0 , 1.0,0.652,0.363 , \#ffa65c  
3700 , 4.0 , 0.0 , 1.0,0.644,0.351 , \#ffa459  
3700 , 4.5 , 0.0 , 1.0,0.637,0.34 , \#ffa256  
3700 , 5.0 , 0.0 , 1.0,0.633,0.333 , \#ffa154  
3700 , 5.5 , 0.0 , 1.0,0.628,0.323 , \#ffa052  
3700 , 6.0 , 0.0 , 1.0,0.622,0.311 , \#ff9e4f  
3800 , 0.0 , 0.0 , 1.0,0.604,0.232 , \#ff993b  
3800 , 0.5 , 0.0 , 1.0,0.615,0.256 , \#ff9c41  
3800 , 1.0 , 0.0 , 1.0,0.623,0.279 , \#ff9e47  
3800 , 1.5 , 0.0 , 1.0,0.629,0.301 , \#ffa04c  
3800 , 2.0 , 0.0 , 1.0,0.633,0.32 , \#ffa151  
3800 , 2.5 , 0.0 , 1.0,0.639,0.34 , \#ffa256  
3800 , 3.0 , 0.0 , 1.0,0.645,0.358 , \#ffa45b  
3800 , 3.5 , 0.0 , 1.0,0.646,0.364 , \#ffa45c  
3800 , 4.0 , 0.0 , 1.0,0.64,0.355 , \#ffa35a  
3800 , 4.5 , 0.0 , 1.0,0.635,0.346 , \#ffa158  
3800 , 5.0 , 0.0 , 1.0,0.633,0.34 , \#ffa156  
3800 , 5.5 , 0.0 , 1.0,0.631,0.334 , \#ffa055  
3800 , 6.0 , 0.0 , 1.0,0.628,0.325 , \#ffa052  
3900 , 0.0 , 0.0 , 1.0,0.614,0.231 , \#ff9c3a  
3900 , 0.5 , 0.0 , 1.0,0.63,0.267 , \#ffa044  
3900 , 1.0 , 0.0 , 1.0,0.639,0.295 , \#ffa24b  
3900 , 1.5 , 0.0 , 1.0,0.642,0.317 , \#ffa350  
3900 , 2.0 , 0.0 , 1.0,0.642,0.331 , \#ffa354  
3900 , 2.5 , 0.0 , 1.0,0.644,0.349 , \#ffa458  
3900 , 3.0 , 0.0 , 1.0,0.644,0.362 , \#ffa45c  
3900 , 3.5 , 0.0 , 1.0,0.642,0.367 , \#ffa35d  
3900 , 4.0 , 0.0 , 1.0,0.639,0.362 , \#ffa25c  
3900 , 4.5 , 0.0 , 1.0,0.636,0.354 , \#ffa25a  
3900 , 5.0 , 0.0 , 1.0,0.636,0.35 , \#ffa259  
3900 , 5.5 , 0.0 , 1.0,0.635,0.345 , \#ffa258  
3900 , 6.0 , 0.0 , 1.0,0.635,0.34 , \#ffa156  
4000 , 0.0 , 0.0 , 1.0,0.635,0.249 , \#ffa13f  
4000 , 0.5 , 0.0 , 1.0,0.649,0.282 , \#ffa547  
4000 , 1.0 , 0.0 , 1.0,0.657,0.309 , \#ffa74e  
4000 , 1.5 , 0.0 , 1.0,0.66,0.331 , \#ffa854  
4000 , 2.0 , 0.0 , 1.0,0.659,0.35 , \#ffa759  
4000 , 2.5 , 0.0 , 1.0,0.656,0.365 , \#ffa75c  
4000 , 3.0 , 0.0 , 1.0,0.652,0.373 , \#ffa65f  
4000 , 3.5 , 0.0 , 1.0,0.649,0.38 , \#ffa561  
4000 , 4.0 , 0.0 , 1.0,0.645,0.377 , \#ffa460  
4000 , 4.5 , 0.0 , 1.0,0.641,0.369 , \#ffa35e  
4000 , 5.0 , 0.0 , 1.0,0.641,0.363 , \#ffa35c  
4000 , 5.5 , 0.0 , 1.0,0.641,0.36 , \#ffa35b  
4000 , 6.0 , 0.0 , 1.0,0.641,0.355 , \#ffa35a  
4100 , 0.0 , 0.0 , 1.0,0.654,0.264 , \#ffa643  
4100 , 0.5 , 0.0 , 1.0,0.666,0.291 , \#ffa94a  
4100 , 1.0 , 0.0 , 1.0,0.678,0.328 , \#ffac53  
4100 , 1.5 , 0.0 , 1.0,0.68,0.348 , \#ffad58  
4100 , 2.0 , 0.0 , 1.0,0.679,0.37 , \#ffad5e  
4100 , 2.5 , 0.0 , 1.0,0.674,0.385 , \#ffab62  
4100 , 3.0 , 0.0 , 1.0,0.668,0.394 , \#ffaa64  
4100 , 3.5 , 0.0 , 1.0,0.662,0.399 , \#ffa865  
4100 , 4.0 , 0.0 , 1.0,0.655,0.396 , \#ffa765  
4100 , 4.5 , 0.0 , 1.0,0.65,0.389 , \#ffa563  
4100 , 5.0 , 0.0 , 1.0,0.649,0.381 , \#ffa561  
4100 , 5.5 , 0.0 , 1.0,0.649,0.377 , \#ffa560  
4100 , 6.0 , 0.0 , 1.0,0.649,0.373 , \#ffa55f  
4200 , 0.0 , 0.0 , 1.0,0.676,0.286 , \#ffac48  
4200 , 0.5 , 0.0 , 1.0,0.692,0.323 , \#ffb052  
4200 , 1.0 , 0.0 , 1.0,0.699,0.348 , \#ffb258  
4200 , 1.5 , 0.0 , 1.0,0.703,0.375 , \#ffb35f  
4200 , 2.0 , 0.0 , 1.0,0.701,0.397 , \#ffb265  
4200 , 2.5 , 0.0 , 1.0,0.696,0.413 , \#ffb169  
4200 , 3.0 , 0.0 , 1.0,0.689,0.42 , \#ffaf6b  
4200 , 3.5 , 0.0 , 1.0,0.679,0.422 , \#ffad6b  
4200 , 4.0 , 0.0 , 1.0,0.67,0.42 , \#ffaa6b  
4200 , 4.5 , 0.0 , 1.0,0.662,0.411 , \#ffa868  
4200 , 5.0 , 0.0 , 1.0,0.659,0.402 , \#ffa766  
4200 , 5.5 , 0.0 , 1.0,0.658,0.396 , \#ffa765  
4200 , 6.0 , 0.0 , 1.0,0.658,0.393 , \#ffa764  
4300 , 0.0 , 0.0 , 1.0,0.693,0.304 , \#ffb04d  
4300 , 0.5 , 0.0 , 1.0,0.711,0.343 , \#ffb557  
4300 , 1.0 , 0.0 , 1.0,0.719,0.369 , \#ffb75e  
4300 , 1.5 , 0.0 , 1.0,0.724,0.397 , \#ffb865  
4300 , 2.0 , 0.0 , 1.0,0.724,0.426 , \#ffb86c  
4300 , 2.5 , 0.0 , 1.0,0.718,0.437 , \#ffb76f  
4300 , 3.0 , 0.0 , 1.0,0.71,0.448 , \#ffb572  
4300 , 3.5 , 0.0 , 1.0,0.699,0.448 , \#ffb272  
4300 , 4.0 , 0.0 , 1.0,0.689,0.447 , \#ffaf72  
4300 , 4.5 , 0.0 , 1.0,0.677,0.439 , \#ffac6f  
4300 , 5.0 , 0.0 , 1.0,0.671,0.427 , \#ffab6c  
4300 , 5.5 , 0.0 , 1.0,0.669,0.42 , \#ffaa6b  
4300 , 6.0 , 0.0 , 1.0,0.669,0.415 , \#ffaa69  
4400 , 0.0 , 0.0 , 1.0,0.71,0.324 , \#ffb452  
4400 , 0.5 , 0.0 , 1.0,0.727,0.363 , \#ffb95c  
4400 , 1.0 , 0.0 , 1.0,0.736,0.389 , \#ffbb63  
4400 , 1.5 , 0.0 , 1.0,0.744,0.42 , \#ffbd6b  
4400 , 2.0 , 0.0 , 1.0,0.745,0.447 , \#ffbe72  
4400 , 2.5 , 0.0 , 1.0,0.74,0.463 , \#ffbc76  
4400 , 3.0 , 0.0 , 1.0,0.731,0.472 , \#ffba78  
4400 , 3.5 , 0.0 , 1.0,0.721,0.478 , \#ffb779  
4400 , 4.0 , 0.0 , 1.0,0.709,0.477 , \#ffb479  
4400 , 4.5 , 0.0 , 1.0,0.696,0.47 , \#ffb177  
4400 , 5.0 , 0.0 , 1.0,0.686,0.456 , \#ffae74  
4400 , 5.5 , 0.0 , 1.0,0.681,0.445 , \#ffad71  
4400 , 6.0 , 0.0 , 1.0,0.679,0.438 , \#ffad6f  
4500 , 0.0 , 0.0 , 1.0,0.731,0.359 , \#ffba5b  
4500 , 0.5 , 0.0 , 1.0,0.748,0.4 , \#ffbe65  
4500 , 1.0 , 0.0 , 1.0,0.754,0.419 , \#ffc06a  
4500 , 1.5 , 0.0 , 1.0,0.763,0.449 , \#ffc272  
4500 , 2.0 , 0.0 , 1.0,0.764,0.467 , \#ffc277  
4500 , 2.5 , 0.0 , 1.0,0.761,0.49 , \#ffc27c  
4500 , 3.0 , 0.0 , 1.0,0.754,0.5 , \#ffc07f  
4500 , 3.5 , 0.0 , 1.0,0.743,0.506 , \#ffbd81  
4500 , 4.0 , 0.0 , 1.0,0.731,0.508 , \#ffba81  
4500 , 4.5 , 0.0 , 1.0,0.717,0.501 , \#ffb67f  
4500 , 5.0 , 0.0 , 1.0,0.702,0.487 , \#ffb37c  
4500 , 5.5 , 0.0 , 1.0,0.694,0.473 , \#ffb178  
4500 , 6.0 , 0.0 , 1.0,0.691,0.464 , \#ffb076  
4600 , 0.0 , 0.0 , 1.0,0.74,0.371 , \#ffbc5e  
4600 , 0.5 , 0.0 , 1.0,0.755,0.406 , \#ffc067  
4600 , 1.0 , 0.0 , 1.0,0.768,0.442 , \#ffc370  
4600 , 1.5 , 0.0 , 1.0,0.778,0.474 , \#ffc678  
4600 , 2.0 , 0.0 , 1.0,0.782,0.497 , \#ffc77e  
4600 , 2.5 , 0.0 , 1.0,0.781,0.516 , \#ffc783  
4600 , 3.0 , 0.0 , 1.0,0.774,0.526 , \#ffc586  
4600 , 3.5 , 0.0 , 1.0,0.765,0.535 , \#ffc388  
4600 , 4.0 , 0.0 , 1.0,0.753,0.537 , \#ffc089  
4600 , 4.5 , 0.0 , 1.0,0.739,0.533 , \#ffbc87  
4600 , 5.0 , 0.0 , 1.0,0.722,0.521 , \#ffb884  
4600 , 5.5 , 0.0 , 1.0,0.71,0.505 , \#ffb580  
4600 , 6.0 , 0.0 , 1.0,0.705,0.493 , \#ffb37d  
4700 , 0.0 , 0.0 , 1.0,0.754,0.395 , \#ffc064  
4700 , 0.5 , 0.0 , 1.0,0.772,0.438 , \#ffc46f  
4700 , 1.0 , 0.0 , 1.0,0.782,0.467 , \#ffc777  
4700 , 1.5 , 0.0 , 1.0,0.792,0.499 , \#ffc97f  
4700 , 2.0 , 0.0 , 1.0,0.796,0.518 , \#ffca84  
4700 , 2.5 , 0.0 , 1.0,0.798,0.539 , \#ffcb89  
4700 , 3.0 , 0.0 , 1.0,0.794,0.553 , \#ffca8d  
4700 , 3.5 , 0.0 , 1.0,0.787,0.566 , \#ffc890  
4700 , 4.0 , 0.0 , 1.0,0.775,0.57 , \#ffc591  
4700 , 4.5 , 0.0 , 1.0,0.761,0.565 , \#ffc18f  
4700 , 5.0 , 0.0 , 1.0,0.744,0.554 , \#ffbd8d  
4700 , 5.5 , 0.0 , 1.0,0.728,0.538 , \#ffb989  
4700 , 6.0 , 0.0 , 1.0,0.718,0.522 , \#ffb785  
4800 , 0.0 , 0.0 , 1.0,0.77,0.428 , \#ffc46d  
4800 , 0.5 , 0.0 , 1.0,0.79,0.48 , \#ffc97a  
4800 , 1.0 , 0.0 , 1.0,0.798,0.502 , \#ffcb7f  
4800 , 1.5 , 0.0 , 1.0,0.805,0.526 , \#ffcd86  
4800 , 2.0 , 0.0 , 1.0,0.812,0.551 , \#ffce8c  
4800 , 2.5 , 0.0 , 1.0,0.813,0.565 , \#ffcf8f  
4800 , 3.0 , 0.0 , 1.0,0.811,0.581 , \#ffce94  
4800 , 3.5 , 0.0 , 1.0,0.806,0.595 , \#ffcd97  
4800 , 4.0 , 0.0 , 1.0,0.795,0.597 , \#ffca98  
4800 , 4.5 , 0.0 , 1.0,0.781,0.595 , \#ffc797  
4800 , 5.0 , 0.0 , 1.0,0.765,0.588 , \#ffc395  
4800 , 5.5 , 0.0 , 1.0,0.748,0.573 , \#ffbe92  
4800 , 6.0 , 0.0 , 1.0,0.735,0.555 , \#ffbb8d  
4900 , 0.0 , 0.0 , 1.0,0.788,0.464 , \#ffc876  
4900 , 0.5 , 0.0 , 1.0,0.798,0.494 , \#ffcb7e  
4900 , 1.0 , 0.0 , 1.0,0.811,0.53 , \#ffce87  
4900 , 1.5 , 0.0 , 1.0,0.818,0.556 , \#ffd08d  
4900 , 2.0 , 0.0 , 1.0,0.825,0.58 , \#ffd294  
4900 , 2.5 , 0.0 , 1.0,0.828,0.599 , \#ffd398  
4900 , 3.0 , 0.0 , 1.0,0.828,0.614 , \#ffd39c  
4900 , 3.5 , 0.0 , 1.0,0.823,0.622 , \#ffd19e  
4900 , 4.0 , 0.0 , 1.0,0.815,0.627 , \#ffcf9f  
4900 , 4.5 , 0.0 , 1.0,0.802,0.626 , \#ffcc9f  
4900 , 5.0 , 0.0 , 1.0,0.786,0.619 , \#ffc89d  
4900 , 5.5 , 0.0 , 1.0,0.768,0.607 , \#ffc39a  
4900 , 6.0 , 0.0 , 1.0,0.751,0.588 , \#ffbf95  
5000 , 0.0 , 0.0 , 1.0,0.84,0.619 , \#ffd69d  
5000 , 0.5 , 0.0 , 1.0,0.813,0.529 , \#ffcf86  
5000 , 1.0 , 0.0 , 1.0,0.825,0.565 , \#ffd290  
5000 , 1.5 , 0.0 , 1.0,0.832,0.589 , \#ffd496  
5000 , 2.0 , 0.0 , 1.0,0.839,0.616 , \#ffd69d  
5000 , 2.5 , 0.0 , 1.0,0.842,0.629 , \#ffd6a0  
5000 , 3.0 , 0.0 , 1.0,0.844,0.65 , \#ffd7a5  
5000 , 3.5 , 0.0 , 1.0,0.84,0.654 , \#ffd6a6  
5000 , 4.0 , 0.0 , 1.0,0.833,0.66 , \#ffd4a8  
5000 , 4.5 , 0.0 , 1.0,0.821,0.657 , \#ffd1a7  
5000 , 5.0 , 0.0 , 1.0,0.806,0.651 , \#ffcda5  
5000 , 5.5 , 0.0 , 1.0,0.789,0.639 , \#ffc9a3  
5000 , 6.0 , 0.0 , 1.0,0.77,0.623 , \#ffc49e  
5100 , 0.0 , 0.0 , 1.0,0.807,0.507 , \#ffcd81  
5100 , 0.5 , 0.0 , 1.0,0.833,0.58 , \#ffd493  
5100 , 1.0 , 0.0 , 1.0,0.84,0.605 , \#ffd69a  
5100 , 1.5 , 0.0 , 1.0,0.849,0.63 , \#ffd8a0  
5100 , 2.0 , 0.0 , 1.0,0.852,0.647 , \#ffd9a4  
5100 , 2.5 , 0.0 , 1.0,0.858,0.669 , \#ffdaaa  
5100 , 3.0 , 0.0 , 1.0,0.859,0.681 , \#ffdaad  
5100 , 3.5 , 0.0 , 1.0,0.857,0.69 , \#ffdaaf  
5100 , 4.0 , 0.0 , 1.0,0.849,0.689 , \#ffd8af  
5100 , 4.5 , 0.0 , 1.0,0.84,0.691 , \#ffd6b0  
5100 , 5.0 , 0.0 , 1.0,0.826,0.685 , \#ffd2ae  
5100 , 5.5 , 0.0 , 1.0,0.811,0.678 , \#ffceac  
5100 , 6.0 , 0.0 , 1.0,0.792,0.661 , \#ffc9a8  
5200 , 0.0 , 0.0 , 1.0,0.822,0.54 , \#ffd189  
5200 , 0.5 , 0.0 , 1.0,0.844,0.604 , \#ffd79a  
5200 , 1.0 , 0.0 , 1.0,0.853,0.638 , \#ffd9a2  
5200 , 1.5 , 0.0 , 1.0,0.86,0.662 , \#ffdba8  
5200 , 2.0 , 0.0 , 1.0,0.867,0.686 , \#ffdcaf  
5200 , 2.5 , 0.0 , 1.0,0.869,0.698 , \#ffddb2  
5200 , 3.0 , 0.0 , 1.0,0.872,0.716 , \#ffdeb6  
5200 , 3.5 , 0.0 , 1.0,0.87,0.721 , \#ffddb7  
5200 , 4.0 , 0.0 , 1.0,0.865,0.723 , \#ffdcb8  
5200 , 4.5 , 0.0 , 1.0,0.857,0.722 , \#ffdab8  
5200 , 5.0 , 0.0 , 1.0,0.845,0.717 , \#ffd7b6  
5200 , 5.5 , 0.0 , 1.0,0.83,0.709 , \#ffd3b4  
5200 , 6.0 , 0.0 , 1.0,0.81,0.693 , \#ffceb0  
5300 , 0.0 , 0.0 , 1.0,0.868,0.688 , \#ffddaf  
5300 , 0.5 , 0.0 , 1.0,0.857,0.641 , \#ffdaa3  
5300 , 1.0 , 0.0 , 1.0,0.869,0.681 , \#ffddad  
5300 , 1.5 , 0.0 , 1.0,0.875,0.7 , \#ffdfb2  
5300 , 2.0 , 0.0 , 1.0,0.879,0.721 , \#ffe0b7  
5300 , 2.5 , 0.0 , 1.0,0.883,0.737 , \#ffe1bb  
5300 , 3.0 , 0.0 , 1.0,0.884,0.745 , \#ffe1be  
5300 , 3.5 , 0.0 , 1.0,0.882,0.75 , \#ffe0bf  
5300 , 4.0 , 0.0 , 1.0,0.879,0.753 , \#ffe0bf  
5300 , 4.5 , 0.0 , 1.0,0.872,0.753 , \#ffdec0  
5300 , 5.0 , 0.0 , 1.0,0.862,0.748 , \#ffdbbe  
5300 , 5.5 , 0.0 , 1.0,0.847,0.738 , \#ffd7bc  
5300 , 6.0 , 0.0 , 1.0,0.83,0.725 , \#ffd3b8  
5400 , 0.0 , 0.0 , 1.0,0.905,0.81 , \#ffe6ce  
5400 , 0.5 , 0.0 , 1.0,0.869,0.673 , \#ffddab  
5400 , 1.0 , 0.0 , 1.0,0.877,0.703 , \#ffdfb3  
5400 , 1.5 , 0.0 , 1.0,0.886,0.733 , \#ffe1ba  
5400 , 2.0 , 0.0 , 1.0,0.893,0.762 , \#ffe3c2  
5400 , 2.5 , 0.0 , 1.0,0.895,0.772 , \#ffe4c4  
5400 , 3.0 , 0.0 , 1.0,0.897,0.783 , \#ffe4c7  
5400 , 3.5 , 0.0 , 1.0,0.894,0.781 , \#ffe3c7  
5400 , 4.0 , 0.0 , 1.0,0.891,0.784 , \#ffe3c7  
5400 , 4.5 , 0.0 , 1.0,0.886,0.783 , \#ffe1c7  
5400 , 5.0 , 0.0 , 1.0,0.877,0.779 , \#ffdfc6  
5400 , 5.5 , 0.0 , 1.0,0.863,0.767 , \#ffdcc3  
5400 , 6.0 , 0.0 , 1.0,0.847,0.755 , \#ffd8c0  
5500 , 0.0 , 0.0 , 1.0,0.92,0.857 , \#ffeada  
5500 , 0.5 , 0.0 , 1.0,0.883,0.712 , \#ffe1b5  
5500 , 1.0 , 0.0 , 1.0,0.894,0.753 , \#ffe3c0  
5500 , 1.5 , 0.0 , 1.0,0.898,0.771 , \#ffe5c4  
5500 , 2.0 , 0.0 , 1.0,0.907,0.805 , \#ffe7cd  
5500 , 2.5 , 0.0 , 1.0,0.907,0.808 , \#ffe7ce  
5500 , 3.0 , 0.0 , 1.0,0.908,0.815 , \#ffe7cf  
5500 , 3.5 , 0.0 , 1.0,0.907,0.821 , \#ffe7d1  
5500 , 4.0 , 0.0 , 1.0,0.904,0.818 , \#ffe6d0  
5500 , 4.5 , 0.0 , 1.0,0.898,0.813 , \#ffe5cf  
5500 , 5.0 , 0.0 , 1.0,0.891,0.81 , \#ffe3ce  
5500 , 5.5 , 0.0 , 1.0,0.878,0.796 , \#ffdfca  
5500 , 6.0 , 0.0 , 1.0,0.864,0.786 , \#ffdcc8  
5600 , 0.0 , 0.0 , 1.0,0.936,0.912 , \#ffeee8  
5600 , 0.5 , 0.0 , 1.0,0.933,0.904 , \#ffede6  
5600 , 1.0 , 0.0 , 1.0,0.906,0.789 , \#ffe7c9  
5600 , 1.5 , 0.0 , 1.0,0.913,0.816 , \#ffe8d0  
5600 , 2.0 , 0.0 , 1.0,0.919,0.843 , \#ffead7  
5600 , 2.5 , 0.0 , 1.0,0.919,0.845 , \#ffead7  
5600 , 3.0 , 0.0 , 1.0,0.918,0.848 , \#ffead8  
5600 , 3.5 , 0.0 , 1.0,0.917,0.85 , \#ffe9d8  
5600 , 4.0 , 0.0 , 1.0,0.915,0.852 , \#ffe9d9  
5600 , 4.5 , 0.0 , 1.0,0.91,0.845 , \#ffe8d7  
5600 , 5.0 , 0.0 , 1.0,0.902,0.836 , \#ffe6d5  
5600 , 5.5 , 0.0 , 1.0,0.893,0.827 , \#ffe3d2  
5600 , 6.0 , 0.0 , 1.0,0.88,0.816 , \#ffe0d0  
5700 , 0.5 , 0.0 , 1.0,0.945,0.949 , \#fff0f1  
5700 , 1.0 , 0.0 , 1.0,0.92,0.835 , \#ffead4  
5700 , 1.5 , 0.0 , 1.0,0.924,0.854 , \#ffebd9  
5700 , 2.0 , 0.0 , 1.0,0.928,0.871 , \#ffecde  
5700 , 2.5 , 0.0 , 1.0,0.93,0.882 , \#ffede0  
5700 , 3.0 , 0.0 , 1.0,0.928,0.879 , \#ffece0  
5700 , 3.5 , 0.0 , 1.0,0.928,0.882 , \#ffece0  
5700 , 4.0 , 0.0 , 1.0,0.926,0.882 , \#ffece1  
5700 , 4.5 , 0.0 , 1.0,0.922,0.878 , \#ffebdf  
5700 , 5.0 , 0.0 , 1.0,0.914,0.866 , \#ffe9dc  
5700 , 5.5 , 0.0 , 1.0,0.906,0.857 , \#ffe6da  
5700 , 6.0 , 0.0 , 1.0,0.894,0.846 , \#ffe3d7  
5800 , 0.5 , 0.0 , 0.995,0.956,1.0 , \#fdf3ff  
5800 , 1.0 , 0.0 , 1.0,0.93,0.866 , \#ffeddc  
5800 , 1.5 , 0.0 , 1.0,0.936,0.893 , \#ffeee3  
5800 , 2.0 , 0.0 , 1.0,0.941,0.914 , \#ffefe9  
5800 , 2.5 , 0.0 , 1.0,0.938,0.905 , \#ffefe6  
5800 , 3.0 , 0.0 , 1.0,0.94,0.918 , \#ffefe9  
5800 , 3.5 , 0.0 , 1.0,0.938,0.915 , \#ffefe9  
5800 , 4.0 , 0.0 , 1.0,0.937,0.915 , \#ffeee9  
5800 , 4.5 , 0.0 , 1.0,0.931,0.905 , \#ffede6  
5800 , 5.0 , 0.0 , 1.0,0.926,0.897 , \#ffece4  
5800 , 5.5 , 0.0 , 1.0,0.918,0.887 , \#ffeae2  
5800 , 6.0 , 0.0 , 1.0,0.907,0.876 , \#ffe7df  
5900 , 0.5 , 0.0 , 0.95,0.925,1.0 , \#f2ebff  
5900 , 1.0 , 0.0 , 0.952,0.925,1.0 , \#f2ebff  
5900 , 1.5 , 0.0 , 1.0,0.948,0.936 , \#fff1ee  
5900 , 2.0 , 0.0 , 1.0,0.948,0.936 , \#fff1ee  
5900 , 2.5 , 0.0 , 1.0,0.949,0.942 , \#fff1f0  
5900 , 3.0 , 0.0 , 1.0,0.949,0.948 , \#fff1f1  
5900 , 3.5 , 0.0 , 1.0,0.948,0.95 , \#fff1f2  
5900 , 4.0 , 0.0 , 1.0,0.947,0.948 , \#fff1f1  
5900 , 4.5 , 0.0 , 1.0,0.94,0.931 , \#ffefed  
5900 , 5.0 , 0.0 , 1.0,0.936,0.928 , \#ffeeec  
5900 , 5.5 , 0.0 , 1.0,0.927,0.911 , \#ffece8  
5900 , 6.0 , 0.0 , 1.0,0.92,0.906 , \#ffeae7  
6000 , 1.0 , 0.0 , 0.92,0.903,1.0 , \#eae6ff  
6000 , 1.5 , 0.0 , 1.0,0.959,0.974 , \#fff4f8  
6000 , 2.0 , 0.0 , 1.0,0.958,0.974 , \#fff4f8  
6000 , 2.5 , 0.0 , 1.0,0.96,0.985 , \#fff4fb  
6000 , 3.0 , 0.0 , 1.0,0.96,0.989 , \#fff4fc  
6000 , 3.5 , 0.0 , 1.0,0.958,0.984 , \#fff4fa  
6000 , 4.0 , 0.0 , 1.0,0.956,0.981 , \#fff3fa  
6000 , 4.5 , 0.0 , 1.0,0.951,0.967 , \#fff2f6  
6000 , 5.0 , 0.0 , 1.0,0.946,0.959 , \#fff1f4  
6000 , 5.5 , 0.0 , 1.0,0.94,0.948 , \#ffeff1  
6000 , 6.0 , 0.0 , 1.0,0.929,0.929 , \#ffecec  
6100 , 1.0 , 0.0 , 0.882,0.877,1.0 , \#e0dfff  
6100 , 1.5 , 0.0 , 0.967,0.944,1.0 , \#f6f0ff  
6100 , 2.0 , 0.0 , 0.988,0.958,1.0 , \#fbf4ff  
6100 , 2.5 , 0.0 , 0.983,0.953,1.0 , \#faf3ff  
6100 , 3.0 , 0.0 , 0.976,0.947,1.0 , \#f8f1ff  
6100 , 3.5 , 0.0 , 0.979,0.948,1.0 , \#f9f1ff  
6100 , 4.0 , 0.0 , 0.989,0.954,1.0 , \#fcf3ff  
6100 , 4.5 , 0.0 , 1.0,0.96,0.998 , \#fff4fe  
6100 , 5.0 , 0.0 , 1.0,0.955,0.985 , \#fff3fb  
6100 , 5.5 , 0.0 , 1.0,0.95,0.978 , \#fff2f9  
6100 , 6.0 , 0.0 , 1.0,0.939,0.956 , \#ffeff3  
6200 , 1.0 , 0.0 , 0.838,0.847,1.0 , \#d5d7ff  
6200 , 1.5 , 0.0 , 0.846,0.852,1.0 , \#d7d9ff  
6200 , 2.0 , 0.0 , 0.947,0.93,1.0 , \#f1edff  
6200 , 2.5 , 0.0 , 0.945,0.927,1.0 , \#f1ecff  
6200 , 3.0 , 0.0 , 0.943,0.924,1.0 , \#f0ebff  
6200 , 3.5 , 0.0 , 0.944,0.924,1.0 , \#f0ebff  
6200 , 4.0 , 0.0 , 0.955,0.931,1.0 , \#f3edff  
6200 , 4.5 , 0.0 , 0.97,0.941,1.0 , \#f7efff  
6200 , 5.0 , 0.0 , 0.986,0.95,1.0 , \#fbf2ff  
6200 , 5.5 , 0.0 , 0.994,0.953,1.0 , \#fdf3ff  
6200 , 6.0 , 0.0 , 1.0,0.949,0.983 , \#fff1fa  
6300 , 1.0 , 0.0 , 0.806,0.824,1.0 , \#cdd2ff  
6300 , 1.5 , 0.0 , 0.843,0.854,1.0 , \#d6d9ff  
6300 , 2.0 , 0.0 , 0.912,0.905,1.0 , \#e8e6ff  
6300 , 2.5 , 0.0 , 0.914,0.906,1.0 , \#e9e7ff  
6300 , 3.0 , 0.0 , 0.911,0.902,1.0 , \#e8e6ff  
6300 , 3.5 , 0.0 , 0.915,0.904,1.0 , \#e9e6ff  
6300 , 4.0 , 0.0 , 0.922,0.908,1.0 , \#ebe7ff  
6300 , 4.5 , 0.0 , 0.944,0.923,1.0 , \#f0ebff  
6300 , 5.0 , 0.0 , 0.953,0.928,1.0 , \#f2ecff  
6300 , 5.5 , 0.0 , 0.974,0.941,1.0 , \#f8efff  
6300 , 6.0 , 0.0 , 0.988,0.947,1.0 , \#fcf1ff  
6400 , 1.0 , 0.0 , 0.776,0.804,1.0 , \#c5ccff  
6400 , 1.5 , 0.0 , 0.79,0.812,1.0 , \#c9cfff  
6400 , 2.0 , 0.0 , 0.852,0.863,1.0 , \#d9dbff  
6400 , 2.5 , 0.0 , 0.884,0.885,1.0 , \#e1e1ff  
6400 , 3.0 , 0.0 , 0.882,0.882,1.0 , \#e1e0ff  
6400 , 3.5 , 0.0 , 0.887,0.885,1.0 , \#e2e1ff  
6400 , 4.0 , 0.0 , 0.896,0.891,1.0 , \#e4e3ff  
6400 , 4.5 , 0.0 , 0.914,0.902,1.0 , \#e9e6ff  
6400 , 5.0 , 0.0 , 0.928,0.911,1.0 , \#ece8ff  
6400 , 5.5 , 0.0 , 0.944,0.921,1.0 , \#f0eaff  
6400 , 6.0 , 0.0 , 0.962,0.931,1.0 , \#f5edff  
6500 , 1.0 , 0.0 , 0.753,0.787,1.0 , \#c0c8ff  
6500 , 1.5 , 0.0 , 0.763,0.794,1.0 , \#c2caff  
6500 , 2.0 , 0.0 , 0.824,0.843,1.0 , \#d2d6ff  
6500 , 2.5 , 0.0 , 0.847,0.859,1.0 , \#d8dbff  
6500 , 3.0 , 0.0 , 0.855,0.864,1.0 , \#dadcff  
6500 , 3.5 , 0.0 , 0.859,0.866,1.0 , \#dbdcff  
6500 , 4.0 , 0.0 , 0.869,0.871,1.0 , \#dddeff  
6500 , 4.5 , 0.0 , 0.891,0.887,1.0 , \#e3e2ff  
6500 , 5.0 , 0.0 , 0.903,0.895,1.0 , \#e6e4ff  
6500 , 5.5 , 0.0 , 0.923,0.907,1.0 , \#ebe7ff  
6500 , 6.0 , 0.0 , 0.937,0.915,1.0 , \#efe9ff  
6600 , 1.0 , 0.0 , 0.722,0.766,1.0 , \#b8c3ff  
6600 , 1.5 , 0.0 , 0.737,0.776,1.0 , \#bcc5ff  
6600 , 2.0 , 0.0 , 0.795,0.823,1.0 , \#cad1ff  
6600 , 2.5 , 0.0 , 0.813,0.835,1.0 , \#cfd4ff  
6600 , 3.0 , 0.0 , 0.827,0.844,1.0 , \#d2d7ff  
6600 , 3.5 , 0.0 , 0.836,0.85,1.0 , \#d5d8ff  
6600 , 4.0 , 0.0 , 0.844,0.855,1.0 , \#d7d9ff  
6600 , 4.5 , 0.0 , 0.867,0.87,1.0 , \#ddddff  
6600 , 5.0 , 0.0 , 0.879,0.878,1.0 , \#e0dfff  
6600 , 5.5 , 0.0 , 0.897,0.89,1.0 , \#e4e2ff  
6600 , 6.0 , 0.0 , 0.913,0.899,1.0 , \#e8e5ff  
6700 , 1.0 , 0.0 , 0.701,0.75,1.0 , \#b2bfff  
6700 , 1.5 , 0.0 , 0.713,0.759,1.0 , \#b5c1ff  
6700 , 2.0 , 0.0 , 0.766,0.802,1.0 , \#c3ccff  
6700 , 2.5 , 0.0 , 0.785,0.816,1.0 , \#c8cfff  
6700 , 3.0 , 0.0 , 0.805,0.829,1.0 , \#cdd3ff  
6700 , 3.5 , 0.0 , 0.811,0.832,1.0 , \#ced4ff  
6700 , 4.0 , 0.0 , 0.823,0.84,1.0 , \#d1d6ff  
6700 , 4.5 , 0.0 , 0.845,0.855,1.0 , \#d7d9ff  
6700 , 5.0 , 0.0 , 0.858,0.864,1.0 , \#dadcff  
6700 , 5.5 , 0.0 , 0.876,0.875,1.0 , \#dfdfff  
6700 , 6.0 , 0.0 , 0.892,0.885,1.0 , \#e3e1ff  
6800 , 1.0 , 0.0 , 0.678,0.734,1.0 , \#acbbff  
6800 , 1.5 , 0.0 , 0.691,0.743,1.0 , \#b0bdff  
6800 , 2.0 , 0.0 , 0.741,0.784,1.0 , \#bcc8ff  
6800 , 2.5 , 0.0 , 0.763,0.801,1.0 , \#c2ccff  
6800 , 3.0 , 0.0 , 0.778,0.81,1.0 , \#c6ceff  
6800 , 3.5 , 0.0 , 0.787,0.816,1.0 , \#c8cfff  
6800 , 4.0 , 0.0 , 0.802,0.826,1.0 , \#ccd2ff  
6800 , 4.5 , 0.0 , 0.824,0.841,1.0 , \#d2d6ff  
6800 , 5.0 , 0.0 , 0.837,0.85,1.0 , \#d5d8ff  
6800 , 5.5 , 0.0 , 0.856,0.862,1.0 , \#dadbff  
6800 , 6.0 , 0.0 , 0.871,0.872,1.0 , \#dedeff  
6900 , 1.0 , 0.0 , 0.654,0.717,1.0 , \#a6b6ff  
6900 , 1.5 , 0.0 , 0.67,0.728,1.0 , \#aab9ff  
6900 , 2.0 , 0.0 , 0.706,0.759,1.0 , \#b4c1ff  
6900 , 2.5 , 0.0 , 0.738,0.784,1.0 , \#bcc7ff  
6900 , 3.0 , 0.0 , 0.751,0.791,1.0 , \#bfc9ff  
6900 , 3.5 , 0.0 , 0.771,0.805,1.0 , \#c4cdff  
6900 , 4.0 , 0.0 , 0.782,0.812,1.0 , \#c7cfff  
6900 , 4.5 , 0.0 , 0.805,0.828,1.0 , \#cdd3ff  
6900 , 5.0 , 0.0 , 0.818,0.837,1.0 , \#d0d5ff  
6900 , 5.5 , 0.0 , 0.838,0.85,1.0 , \#d5d8ff  
6900 , 6.0 , 0.0 , 0.853,0.859,1.0 , \#d9dbff  
7000 , 1.0 , 0.0 , 0.638,0.706,1.0 , \#a2b3ff  
7000 , 1.5 , 0.0 , 0.652,0.715,1.0 , \#a6b6ff  
7000 , 2.0 , 0.0 , 0.684,0.742,1.0 , \#aebdff  
7000 , 2.5 , 0.0 , 0.707,0.759,1.0 , \#b4c1ff  
7000 , 3.0 , 0.0 , 0.729,0.776,1.0 , \#b9c5ff  
7000 , 3.5 , 0.0 , 0.748,0.789,1.0 , \#bec9ff  
7000 , 4.0 , 0.0 , 0.763,0.799,1.0 , \#c2cbff  
7000 , 4.5 , 0.0 , 0.786,0.815,1.0 , \#c8cfff  
7000 , 5.0 , 0.0 , 0.8,0.824,1.0 , \#cbd2ff  
7000 , 5.5 , 0.0 , 0.819,0.837,1.0 , \#d0d5ff  
7000 , 6.0 , 0.0 , 0.827,0.842,1.0 , \#d2d6ff  
7200 , 1.0 , 0.0 , 0.605,0.682,1.0 , \#9aadff  
7200 , 1.5 , 0.0 , 0.616,0.689,1.0 , \#9dafff  
7200 , 2.0 , 0.0 , 0.632,0.701,1.0 , \#a1b2ff  
7200 , 2.5 , 0.0 , 0.663,0.727,1.0 , \#a9b9ff  
7200 , 3.0 , 0.0 , 0.684,0.743,1.0 , \#aebdff  
7200 , 3.5 , 0.0 , 0.706,0.76,1.0 , \#b4c1ff  
7200 , 4.0 , 0.0 , 0.725,0.773,1.0 , \#b8c5ff  
7200 , 4.5 , 0.0 , 0.751,0.792,1.0 , \#bfc9ff  
7200 , 5.0 , 0.0 , 0.767,0.802,1.0 , \#c3ccff  
7200 , 5.5 , 0.0 , 0.787,0.816,1.0 , \#c8d0ff  
7200 , 6.0 , 0.0 , 0.802,0.826,1.0 , \#ccd2ff  
7400 , 1.0 , 0.0 , 0.58,0.665,1.0 , \#93a9ff  
7400 , 1.5 , 0.0 , 0.586,0.668,1.0 , \#95aaff  
7400 , 2.0 , 0.0 , 0.623,0.697,1.0 , \#9eb1ff  
7400 , 2.5 , 0.0 , 0.621,0.695,1.0 , \#9eb1ff  
7400 , 3.0 , 0.0 , 0.645,0.715,1.0 , \#a4b6ff  
7400 , 3.5 , 0.0 , 0.67,0.734,1.0 , \#aabbff  
7400 , 4.0 , 0.0 , 0.692,0.75,1.0 , \#b0bfff  
7400 , 4.5 , 0.0 , 0.726,0.775,1.0 , \#b9c5ff  
7400 , 5.0 , 0.0 , 0.737,0.782,1.0 , \#bbc7ff  
7400 , 5.5 , 0.0 , 0.758,0.797,1.0 , \#c1cbff  
7400 , 6.0 , 0.0 , 0.774,0.807,1.0 , \#c5cdff  
7600 , 1.0 , 0.0 , 0.56,0.652,1.0 , \#8ea6ff  
7600 , 1.5 , 0.0 , 0.564,0.652,1.0 , \#8fa6ff  
7600 , 2.0 , 0.0 , 0.575,0.66,1.0 , \#92a8ff  
7600 , 2.5 , 0.0 , 0.59,0.671,1.0 , \#96abff  
7600 , 3.0 , 0.0 , 0.61,0.688,1.0 , \#9bafff  
7600 , 3.5 , 0.0 , 0.636,0.709,1.0 , \#a2b4ff  
7600 , 4.0 , 0.0 , 0.674,0.738,1.0 , \#abbcff  
7600 , 4.5 , 0.0 , 0.688,0.749,1.0 , \#afbfff  
7600 , 5.0 , 0.0 , 0.708,0.763,1.0 , \#b4c2ff  
7600 , 5.5 , 0.0 , 0.732,0.779,1.0 , \#bac6ff  
7600 , 6.0 , 0.0 , 0.748,0.79,1.0 , \#bec9ff  
7800 , 1.0 , 0.0 , 0.551,0.647,1.0 , \#8ca4ff  
7800 , 1.5 , 0.0 , 0.544,0.638,1.0 , \#8aa2ff  
7800 , 2.0 , 0.0 , 0.554,0.645,1.0 , \#8da4ff  
7800 , 2.5 , 0.0 , 0.569,0.657,1.0 , \#91a7ff  
7800 , 3.0 , 0.0 , 0.583,0.668,1.0 , \#94aaff  
7800 , 3.5 , 0.0 , 0.612,0.692,1.0 , \#9cb0ff  
7800 , 4.0 , 0.0 , 0.636,0.712,1.0 , \#a2b5ff  
7800 , 4.5 , 0.0 , 0.66,0.73,1.0 , \#a8baff  
7800 , 5.0 , 0.0 , 0.682,0.746,1.0 , \#adbeff  
7800 , 5.5 , 0.0 , 0.707,0.763,1.0 , \#b4c2ff  
7800 , 6.0 , 0.0 , 0.725,0.775,1.0 , \#b8c5ff  
8000 , 1.0 , 0.0 , 0.551,0.649,1.0 , \#8ca5ff  
8000 , 1.5 , 0.0 , 0.531,0.629,1.0 , \#87a0ff  
8000 , 2.0 , 0.0 , 0.536,0.631,1.0 , \#88a0ff  
8000 , 2.5 , 0.0 , 0.548,0.641,1.0 , \#8ba3ff  
8000 , 3.0 , 0.0 , 0.562,0.652,1.0 , \#8fa6ff  
8000 , 3.5 , 0.0 , 0.58,0.668,1.0 , \#93aaff  
8000 , 4.0 , 0.0 , 0.606,0.69,1.0 , \#9ab0ff  
8000 , 4.5 , 0.0 , 0.633,0.712,1.0 , \#a1b5ff  
8000 , 5.0 , 0.0 , 0.657,0.73,1.0 , \#a7baff  
8000 , 5.5 , 0.0 , 0.687,0.751,1.0 , \#afbfff  
8000 , 6.0 , 0.0 , 0.703,0.761,1.0 , \#b3c2ff  
8200 , 1.0 , 0.0 , 0.558,0.655,1.0 , \#8ea7ff  
8200 , 1.5 , 0.0 , 0.523,0.624,1.0 , \#859fff  
8200 , 2.0 , 0.0 , 0.521,0.621,1.0 , \#849eff  
8200 , 2.5 , 0.0 , 0.531,0.628,1.0 , \#87a0ff  
8200 , 3.0 , 0.0 , 0.545,0.64,1.0 , \#8aa3ff  
8200 , 3.5 , 0.0 , 0.561,0.654,1.0 , \#8fa6ff  
8200 , 4.0 , 0.0 , 0.579,0.67,1.0 , \#93aaff  
8200 , 4.5 , 0.0 , 0.608,0.694,1.0 , \#9bb1ff  
8200 , 5.0 , 0.0 , 0.633,0.713,1.0 , \#a1b5ff  
8200 , 5.5 , 0.0 , 0.666,0.737,1.0 , \#a9bbff  
8200 , 6.0 , 0.0 , 0.683,0.749,1.0 , \#aebeff  
8400 , 1.5 , 0.0 , 0.519,0.621,1.0 , \#849eff  
8400 , 2.0 , 0.0 , 0.511,0.613,1.0 , \#829cff  
8400 , 2.5 , 0.0 , 0.516,0.617,1.0 , \#839dff  
8400 , 3.0 , 0.0 , 0.528,0.628,1.0 , \#86a0ff  
8400 , 3.5 , 0.0 , 0.544,0.642,1.0 , \#8aa3ff  
8400 , 4.0 , 0.0 , 0.556,0.652,1.0 , \#8da6ff  
8400 , 4.5 , 0.0 , 0.584,0.676,1.0 , \#94acff  
8400 , 5.0 , 0.0 , 0.611,0.698,1.0 , \#9bb2ff  
8400 , 5.5 , 0.0 , 0.644,0.723,1.0 , \#a4b8ff  
8400 , 6.0 , 0.0 , 0.664,0.737,1.0 , \#a9bbff  
8600 , 1.5 , 0.0 , 0.517,0.62,1.0 , \#839eff  
8600 , 2.0 , 0.0 , 0.503,0.607,1.0 , \#809aff  
8600 , 2.5 , 0.0 , 0.505,0.609,1.0 , \#809bff  
8600 , 3.0 , 0.0 , 0.515,0.617,1.0 , \#839dff  
8600 , 3.5 , 0.0 , 0.529,0.63,1.0 , \#86a0ff  
8600 , 4.0 , 0.0 , 0.546,0.645,1.0 , \#8ba4ff  
8600 , 4.5 , 0.0 , 0.562,0.66,1.0 , \#8fa8ff  
8600 , 5.0 , 0.0 , 0.59,0.684,1.0 , \#96aeff  
8600 , 5.5 , 0.0 , 0.615,0.704,1.0 , \#9cb3ff  
8600 , 6.0 , 0.0 , 0.646,0.726,1.0 , \#a4b9ff  
8800 , 1.5 , 0.0 , 0.517,0.62,1.0 , \#839eff  
8800 , 2.0 , 0.0 , 0.498,0.603,1.0 , \#7e99ff  
8800 , 2.5 , 0.0 , 0.497,0.602,1.0 , \#7e99ff  
8800 , 3.0 , 0.0 , 0.504,0.609,1.0 , \#809bff  
8800 , 3.5 , 0.0 , 0.516,0.62,1.0 , \#839eff  
8800 , 4.0 , 0.0 , 0.531,0.634,1.0 , \#87a1ff  
8800 , 4.5 , 0.0 , 0.547,0.649,1.0 , \#8ba5ff  
8800 , 5.0 , 0.0 , 0.57,0.669,1.0 , \#91aaff  
8800 , 5.5 , 0.0 , 0.595,0.691,1.0 , \#97b0ff  
8800 , 6.0 , 0.0 , 0.628,0.715,1.0 , \#a0b6ff  
9000 , 1.5 , 0.0 , 0.517,0.62,1.0 , \#839eff  
9000 , 2.0 , 0.0 , 0.494,0.601,1.0 , \#7d99ff  
9000 , 2.5 , 0.0 , 0.49,0.597,1.0 , \#7c98ff  
9000 , 3.0 , 0.0 , 0.494,0.601,1.0 , \#7e99ff  
9000 , 3.5 , 0.0 , 0.505,0.611,1.0 , \#809bff  
9000 , 4.0 , 0.0 , 0.519,0.624,1.0 , \#849fff  
9000 , 4.5 , 0.0 , 0.536,0.64,1.0 , \#88a3ff  
9000 , 5.0 , 0.0 , 0.553,0.656,1.0 , \#8da7ff  
9000 , 5.5 , 0.0 , 0.578,0.679,1.0 , \#93adff  
9000 , 6.0 , 0.0 , 0.611,0.704,1.0 , \#9bb3ff  
9200 , 1.5 , 0.0 , 0.517,0.619,1.0 , \#839dff  
9200 , 2.0 , 0.0 , 0.491,0.598,1.0 , \#7d98ff  
9200 , 2.5 , 0.0 , 0.484,0.593,1.0 , \#7b97ff  
9200 , 3.0 , 0.0 , 0.487,0.595,1.0 , \#7c97ff  
9200 , 3.5 , 0.0 , 0.495,0.604,1.0 , \#7e99ff  
9200 , 4.0 , 0.0 , 0.508,0.616,1.0 , \#819dff  
9200 , 4.5 , 0.0 , 0.524,0.631,1.0 , \#85a0ff  
9200 , 5.0 , 0.0 , 0.54,0.647,1.0 , \#89a4ff  
9200 , 5.5 , 0.0 , 0.562,0.667,1.0 , \#8faaff  
9200 , 6.0 , 0.0 , 0.593,0.692,1.0 , \#97b0ff  
9400 , 2.0 , 0.0 , 0.489,0.596,1.0 , \#7c98ff  
9400 , 2.5 , 0.0 , 0.48,0.589,1.0 , \#7a96ff  
9400 , 3.0 , 0.0 , 0.481,0.59,1.0 , \#7a96ff  
9400 , 3.5 , 0.0 , 0.487,0.597,1.0 , \#7c98ff  
9400 , 4.0 , 0.0 , 0.498,0.608,1.0 , \#7f9bff  
9400 , 4.5 , 0.0 , 0.513,0.622,1.0 , \#829eff  
9400 , 5.0 , 0.0 , 0.53,0.639,1.0 , \#87a2ff  
9400 , 5.5 , 0.0 , 0.548,0.656,1.0 , \#8ba7ff  
9400 , 6.0 , 0.0 , 0.577,0.681,1.0 , \#93adff  
9600 , 2.0 , 0.0 , 0.487,0.595,1.0 , \#7c97ff  
9600 , 2.5 , 0.0 , 0.476,0.586,1.0 , \#7995ff  
9600 , 3.0 , 0.0 , 0.475,0.586,1.0 , \#7995ff  
9600 , 3.5 , 0.0 , 0.481,0.592,1.0 , \#7a96ff  
9600 , 4.0 , 0.0 , 0.49,0.601,1.0 , \#7d99ff  
9600 , 4.5 , 0.0 , 0.503,0.614,1.0 , \#809cff  
9600 , 5.0 , 0.0 , 0.52,0.631,1.0 , \#84a0ff  
9600 , 5.5 , 0.0 , 0.537,0.648,1.0 , \#89a5ff  
9600 , 6.0 , 0.0 , 0.56,0.669,1.0 , \#8eaaff  
9800 , 2.0 , 0.0 , 0.485,0.593,1.0 , \#7b97ff  
9800 , 2.5 , 0.0 , 0.473,0.584,1.0 , \#7894ff  
9800 , 3.0 , 0.0 , 0.471,0.582,1.0 , \#7894ff  
9800 , 3.5 , 0.0 , 0.475,0.587,1.0 , \#7995ff  
9800 , 4.0 , 0.0 , 0.483,0.595,1.0 , \#7b97ff  
9800 , 4.5 , 0.0 , 0.495,0.608,1.0 , \#7e9bff  
9800 , 5.0 , 0.0 , 0.511,0.623,1.0 , \#829eff  
9800 , 5.5 , 0.0 , 0.529,0.641,1.0 , \#86a3ff  
9800 , 6.0 , 0.0 , 0.548,0.66,1.0 , \#8ba8ff  
10000 , 2.0 , 0.0 , 0.483,0.591,1.0 , \#7b96ff  
10000 , 2.5 , 0.0 , 0.471,0.581,1.0 , \#7894ff  
10000 , 3.0 , 0.0 , 0.467,0.579,1.0 , \#7793ff  
10000 , 3.5 , 0.0 , 0.47,0.583,1.0 , \#7794ff  
10000 , 4.0 , 0.0 , 0.477,0.59,1.0 , \#7996ff  
10000 , 4.5 , 0.0 , 0.488,0.602,1.0 , \#7c99ff  
10000 , 5.0 , 0.0 , 0.502,0.616,1.0 , \#809dff  
10000 , 5.5 , 0.0 , 0.519,0.634,1.0 , \#84a1ff  
10000 , 6.0 , 0.0 , 0.537,0.652,1.0 , \#88a6ff  
10200 , 2.0 , 0.0 , 0.482,0.59,1.0 , \#7a96ff  
10200 , 2.5 , 0.0 , 0.468,0.579,1.0 , \#7793ff  
10200 , 3.0 , 0.0 , 0.464,0.576,1.0 , \#7693ff  
10200 , 3.5 , 0.0 , 0.466,0.579,1.0 , \#7693ff  
10200 , 4.0 , 0.0 , 0.472,0.586,1.0 , \#7895ff  
10200 , 4.5 , 0.0 , 0.481,0.596,1.0 , \#7a98ff  
10200 , 5.0 , 0.0 , 0.495,0.61,1.0 , \#7e9bff  
10200 , 5.5 , 0.0 , 0.511,0.627,1.0 , \#829fff  
10200 , 6.0 , 0.0 , 0.528,0.645,1.0 , \#86a4ff  
10400 , 2.0 , 0.0 , 0.48,0.588,1.0 , \#7a96ff  
10400 , 2.5 , 0.0 , 0.466,0.577,1.0 , \#7693ff  
10400 , 3.0 , 0.0 , 0.461,0.574,1.0 , \#7592ff  
10400 , 3.5 , 0.0 , 0.462,0.576,1.0 , \#7592ff  
10400 , 4.0 , 0.0 , 0.467,0.582,1.0 , \#7794ff  
10400 , 4.5 , 0.0 , 0.476,0.591,1.0 , \#7996ff  
10400 , 5.0 , 0.0 , 0.488,0.604,1.0 , \#7c9aff  
10400 , 5.5 , 0.0 , 0.503,0.62,1.0 , \#809eff  
10400 , 6.0 , 0.0 , 0.521,0.639,1.0 , \#84a3ff  
10600 , 2.0 , 0.0 , 0.478,0.587,1.0 , \#7995ff  
10600 , 2.5 , 0.0 , 0.464,0.576,1.0 , \#7692ff  
10600 , 3.0 , 0.0 , 0.459,0.572,1.0 , \#7591ff  
10600 , 3.5 , 0.0 , 0.459,0.573,1.0 , \#7592ff  
10600 , 4.0 , 0.0 , 0.463,0.578,1.0 , \#7693ff  
10600 , 4.5 , 0.0 , 0.47,0.587,1.0 , \#7795ff  
10600 , 5.0 , 0.0 , 0.482,0.599,1.0 , \#7a98ff  
10600 , 5.5 , 0.0 , 0.496,0.614,1.0 , \#7e9cff  
10600 , 6.0 , 0.0 , 0.514,0.633,1.0 , \#82a1ff  
10800 , 2.0 , 0.0 , 0.476,0.585,1.0 , \#7995ff  
10800 , 2.5 , 0.0 , 0.462,0.574,1.0 , \#7592ff  
10800 , 3.0 , 0.0 , 0.457,0.57,1.0 , \#7491ff  
10800 , 3.5 , 0.0 , 0.456,0.571,1.0 , \#7491ff  
10800 , 4.0 , 0.0 , 0.459,0.575,1.0 , \#7592ff  
10800 , 4.5 , 0.0 , 0.466,0.583,1.0 , \#7694ff  
10800 , 5.0 , 0.0 , 0.476,0.594,1.0 , \#7997ff  
10800 , 5.5 , 0.0 , 0.49,0.609,1.0 , \#7c9bff  
10800 , 6.0 , 0.0 , 0.506,0.627,1.0 , \#819fff  
11000 , 2.0 , 0.0 , 0.475,0.584,1.0 , \#7994ff  
11000 , 2.5 , 0.0 , 0.461,0.572,1.0 , \#7591ff  
11000 , 3.0 , 0.0 , 0.455,0.568,1.0 , \#7390ff  
11000 , 3.5 , 0.0 , 0.454,0.568,1.0 , \#7390ff  
11000 , 4.0 , 0.0 , 0.456,0.572,1.0 , \#7491ff  
11000 , 4.5 , 0.0 , 0.462,0.579,1.0 , \#7593ff  
11000 , 5.0 , 0.0 , 0.471,0.59,1.0 , \#7896ff  
11000 , 5.5 , 0.0 , 0.484,0.604,1.0 , \#7b99ff  
11000 , 6.0 , 0.0 , 0.5,0.621,1.0 , \#7f9eff  
11200 , 2.0 , 0.0 , 0.473,0.582,1.0 , \#7894ff  
11200 , 2.5 , 0.0 , 0.459,0.571,1.0 , \#7491ff  
11200 , 3.0 , 0.0 , 0.453,0.566,1.0 , \#7390ff  
11200 , 3.5 , 0.0 , 0.451,0.566,1.0 , \#7390ff  
11200 , 4.0 , 0.0 , 0.453,0.57,1.0 , \#7391ff  
11200 , 4.5 , 0.0 , 0.458,0.576,1.0 , \#7492ff  
11200 , 5.0 , 0.0 , 0.467,0.586,1.0 , \#7795ff  
11200 , 5.5 , 0.0 , 0.479,0.599,1.0 , \#7a98ff  
11200 , 6.0 , 0.0 , 0.493,0.615,1.0 , \#7d9cff  
11400 , 2.0 , 0.0 , 0.471,0.581,1.0 , \#7894ff  
11400 , 2.5 , 0.0 , 0.457,0.569,1.0 , \#7491ff  
11400 , 3.0 , 0.0 , 0.451,0.565,1.0 , \#7290ff  
11400 , 3.5 , 0.0 , 0.45,0.565,1.0 , \#7290ff  
11400 , 4.0 , 0.0 , 0.451,0.567,1.0 , \#7290ff  
11400 , 4.5 , 0.0 , 0.455,0.573,1.0 , \#7492ff  
11400 , 5.0 , 0.0 , 0.463,0.582,1.0 , \#7694ff  
11400 , 5.5 , 0.0 , 0.473,0.594,1.0 , \#7897ff  
11400 , 6.0 , 0.0 , 0.487,0.61,1.0 , \#7c9bff  
11600 , 2.0 , 0.0 , 0.47,0.58,1.0 , \#7793ff  
11600 , 2.5 , 0.0 , 0.455,0.568,1.0 , \#7490ff  
11600 , 3.0 , 0.0 , 0.449,0.563,1.0 , \#728fff  
11600 , 3.5 , 0.0 , 0.448,0.563,1.0 , \#728fff  
11600 , 4.0 , 0.0 , 0.45,0.566,1.0 , \#7290ff  
11600 , 4.5 , 0.0 , 0.452,0.571,1.0 , \#7391ff  
11600 , 5.0 , 0.0 , 0.461,0.58,1.0 , \#7593ff  
11600 , 5.5 , 0.0 , 0.469,0.59,1.0 , \#7796ff  
11600 , 6.0 , 0.0 , 0.482,0.606,1.0 , \#7a9aff  
11800 , 2.0 , 0.0 , 0.468,0.578,1.0 , \#7793ff  
11800 , 2.5 , 0.0 , 0.454,0.566,1.0 , \#7390ff  
11800 , 3.0 , 0.0 , 0.448,0.562,1.0 , \#728fff  
11800 , 3.5 , 0.0 , 0.446,0.561,1.0 , \#718fff  
11800 , 4.0 , 0.0 , 0.448,0.564,1.0 , \#728fff  
11800 , 4.5 , 0.0 , 0.45,0.568,1.0 , \#7290ff  
11800 , 5.0 , 0.0 , 0.457,0.577,1.0 , \#7493ff  
11800 , 5.5 , 0.0 , 0.465,0.586,1.0 , \#7695ff  
11800 , 6.0 , 0.0 , 0.477,0.601,1.0 , \#7999ff  
12000 , 2.0 , 0.0 , 0.466,0.577,1.0 , \#7693ff  
12000 , 2.5 , 0.0 , 0.452,0.565,1.0 , \#7390ff  
12000 , 3.0 , 0.0 , 0.446,0.56,1.0 , \#718eff  
12000 , 3.5 , 0.0 , 0.444,0.56,1.0 , \#718eff  
12000 , 4.0 , 0.0 , 0.446,0.562,1.0 , \#718fff  
12000 , 4.5 , 0.0 , 0.448,0.566,1.0 , \#7290ff  
12000 , 5.0 , 0.0 , 0.455,0.574,1.0 , \#7392ff  
12000 , 5.5 , 0.0 , 0.461,0.583,1.0 , \#7594ff  
12000 , 6.0 , 0.0 , 0.473,0.597,1.0 , \#7898ff  
12500 , 4.0 , 0.0 , 0.44,0.557,1.0 , \#708eff  
13000 , 4.0 , 0.0 , 0.436,0.554,1.0 , \#6f8dff  
13500 , 4.0 , 0.0 , 0.432,0.55,1.0 , \#6e8cff  
14000 , 4.0 , 0.0 , 0.429,0.547,1.0 , \#6d8bff  
14500 , 4.0 , 0.0 , 0.425,0.544,1.0 , \#6c8aff  
15000 , 4.0 , 0.0 , 0.421,0.541,1.0 , \#6b89ff  
